KLineDto;KLineDto.Id;KLineDto.TemId;KLineDto.Timestamp;KLineDto.OpenPrice;KLineDto.HighestPrice;KLineDto.LowestPrice;KLineDto.ClosePrice;KLineDto.TradingVolume
CryMarketMakerSolution.Service.Data.CryMarketMakerKLineDB.KLine.Dtos.KLineDto;2003;ed979dcf-2210-4f7b-b454-ced2e1e17204;1695375180;0,0004230000;0,0004240000;0,0004230000;0,0004240000;46968,6900000000
CryMarketMakerSolution.Service.Data.CryMarketMakerKLineDB.KLine.Dtos.KLineDto;2002;ed979dcf-2210-4f7b-b454-ced2e1e17204;1695375120;0,0004230000;0,0004240000;0,0004230000;0,0004230000;96758,9800000000
CryMarketMakerSolution.Service.Data.CryMarketMakerKLineDB.KLine.Dtos.KLineDto;2001;ed979dcf-2210-4f7b-b454-ced2e1e17204;1695375060;0,0004230000;0,0004230000;0,0004230000;0,0004230000;58226,9400000000
CryMarketMakerSolution.Service.Data.CryMarketMakerKLineDB.KLine.Dtos.KLineDto;2000;ed979dcf-2210-4f7b-b454-ced2e1e17204;1695375000;0,0004230000;0,0004230000;0,0004230000;0,0004230000;100685,5600000000
CryMarketMakerSolution.Service.Data.CryMarketMakerKLineDB.KLine.Dtos.KLineDto;1999;ed979dcf-2210-4f7b-b454-ced2e1e17204;1695374940;0,0004230000;0,0004230000;0,0004230000;0,0004230000;57257,6700000000
CryMarketMakerSolution.Service.Data.CryMarketMakerKLineDB.KLine.Dtos.KLineDto;1998;ed979dcf-2210-4f7b-b454-ced2e1e17204;1695374880;0,0004230000;0,0004230000;0,0004230000;0,0004230000;69196,2100000000
CryMarketMakerSolution.Service.Data.CryMarketMakerKLineDB.KLine.Dtos.KLineDto;1997;ed979dcf-2210-4f7b-b454-ced2e1e17204;1695374820;0,0004230000;0,0004230000;0,0004230000;0,0004230000;47234,0300000000
CryMarketMakerSolution.Service.Data.CryMarketMakerKLineDB.KLine.Dtos.KLineDto;1996;ed979dcf-2210-4f7b-b454-ced2e1e17204;1695374760;0,0004240000;0,0004240000;0,0004230000;0,0004230000;70625,1800000000
CryMarketMakerSolution.Service.Data.CryMarketMakerKLineDB.KLine.Dtos.KLineDto;1995;ed979dcf-2210-4f7b-b454-ced2e1e17204;1695374700;0,0004260000;0,0004260000;0,0004240000;0,0004240000;96788,8900000000
CryMarketMakerSolution.Service.Data.CryMarketMakerKLineDB.KLine.Dtos.KLineDto;1994;ed979dcf-2210-4f7b-b454-ced2e1e17204;1695374640;0,0004260000;0,0004260000;0,0004260000;0,0004260000;39342,7100000000
CryMarketMakerSolution.Service.Data.CryMarketMakerKLineDB.KLine.Dtos.KLineDto;1993;ed979dcf-2210-4f7b-b454-ced2e1e17204;1695374580;0,0004260000;0,0004260000;0,0004250000;0,0004260000;71684,9300000000
CryMarketMakerSolution.Service.Data.CryMarketMakerKLineDB.KLine.Dtos.KLineDto;1992;ed979dcf-2210-4f7b-b454-ced2e1e17204;1695374520;0,0004270000;0,0004270000;0,0004260000;0,0004260000;70481,1200000000
CryMarketMakerSolution.Service.Data.CryMarketMakerKLineDB.KLine.Dtos.KLineDto;1991;ed979dcf-2210-4f7b-b454-ced2e1e17204;1695374460;0,0004260000;0,0004270000;0,0004260000;0,0004270000;99595,4300000000
CryMarketMakerSolution.Service.Data.CryMarketMakerKLineDB.KLine.Dtos.KLineDto;1990;ed979dcf-2210-4f7b-b454-ced2e1e17204;1695374400;0,0004270000;0,0004270000;0,0004260000;0,0004260000;38021,7800000000
CryMarketMakerSolution.Service.Data.CryMarketMakerKLineDB.KLine.Dtos.KLineDto;1989;ed979dcf-2210-4f7b-b454-ced2e1e17204;1695374340;0,0004250000;0,0004270000;0,0004250000;0,0004270000;92964,1100000000
CryMarketMakerSolution.Service.Data.CryMarketMakerKLineDB.KLine.Dtos.KLineDto;1988;ed979dcf-2210-4f7b-b454-ced2e1e17204;1695374280;0,0004250000;0,0004250000;0,0004240000;0,0004250000;85741,8800000000
CryMarketMakerSolution.Service.Data.CryMarketMakerKLineDB.KLine.Dtos.KLineDto;1987;ed979dcf-2210-4f7b-b454-ced2e1e17204;1695374220;0,0004260000;0,0004260000;0,0004250000;0,0004250000;42570,6600000000
CryMarketMakerSolution.Service.Data.CryMarketMakerKLineDB.KLine.Dtos.KLineDto;1986;ed979dcf-2210-4f7b-b454-ced2e1e17204;1695374160;0,0004270000;0,0004270000;0,0004260000;0,0004260000;96666,1100000000
CryMarketMakerSolution.Service.Data.CryMarketMakerKLineDB.KLine.Dtos.KLineDto;1985;ed979dcf-2210-4f7b-b454-ced2e1e17204;1695374100;0,0004260000;0,0004270000;0,0004260000;0,0004270000;49550,4000000000
CryMarketMakerSolution.Service.Data.CryMarketMakerKLineDB.KLine.Dtos.KLineDto;1984;ed979dcf-2210-4f7b-b454-ced2e1e17204;1695374040;0,0004260000;0,0004270000;0,0004260000;0,0004260000;78450,8000000000
CryMarketMakerSolution.Service.Data.CryMarketMakerKLineDB.KLine.Dtos.KLineDto;1983;ed979dcf-2210-4f7b-b454-ced2e1e17204;1695373980;0,0004260000;0,0004260000;0,0004260000;0,0004260000;67441,2900000000
CryMarketMakerSolution.Service.Data.CryMarketMakerKLineDB.KLine.Dtos.KLineDto;1982;ed979dcf-2210-4f7b-b454-ced2e1e17204;1695373920;0,0004270000;0,0004270000;0,0004260000;0,0004260000;53972,6200000000
CryMarketMakerSolution.Service.Data.CryMarketMakerKLineDB.KLine.Dtos.KLineDto;1981;ed979dcf-2210-4f7b-b454-ced2e1e17204;1695373860;0,0004260000;0,0004270000;0,0004260000;0,0004270000;91202,5000000000
CryMarketMakerSolution.Service.Data.CryMarketMakerKLineDB.KLine.Dtos.KLineDto;1980;ed979dcf-2210-4f7b-b454-ced2e1e17204;1695373800;0,0004240000;0,0004260000;0,0004240000;0,0004260000;91007,8100000000
CryMarketMakerSolution.Service.Data.CryMarketMakerKLineDB.KLine.Dtos.KLineDto;1979;ed979dcf-2210-4f7b-b454-ced2e1e17204;1695373740;0,0004240000;0,0004240000;0,0004240000;0,0004240000;51650,9400000000
CryMarketMakerSolution.Service.Data.CryMarketMakerKLineDB.KLine.Dtos.KLineDto;1978;ed979dcf-2210-4f7b-b454-ced2e1e17204;1695373680;0,0004250000;0,0004250000;0,0004240000;0,0004240000;85460,4200000000
CryMarketMakerSolution.Service.Data.CryMarketMakerKLineDB.KLine.Dtos.KLineDto;1977;ed979dcf-2210-4f7b-b454-ced2e1e17204;1695373620;0,0004250000;0,0004250000;0,0004250000;0,0004250000;36423,5200000000
CryMarketMakerSolution.Service.Data.CryMarketMakerKLineDB.KLine.Dtos.KLineDto;1976;ed979dcf-2210-4f7b-b454-ced2e1e17204;1695373560;0,0004230000;0,0004250000;0,0004230000;0,0004250000;88933,4800000000
CryMarketMakerSolution.Service.Data.CryMarketMakerKLineDB.KLine.Dtos.KLineDto;1975;ed979dcf-2210-4f7b-b454-ced2e1e17204;1695373500;0,0004230000;0,0004230000;0,0004230000;0,0004230000;40638,2800000000
CryMarketMakerSolution.Service.Data.CryMarketMakerKLineDB.KLine.Dtos.KLineDto;1974;ed979dcf-2210-4f7b-b454-ced2e1e17204;1695373440;0,0004240000;0,0004240000;0,0004230000;0,0004230000;74461,2200000000
CryMarketMakerSolution.Service.Data.CryMarketMakerKLineDB.KLine.Dtos.KLineDto;1973;ed979dcf-2210-4f7b-b454-ced2e1e17204;1695373380;0,0004250000;0,0004250000;0,0004240000;0,0004240000;43988,1200000000
CryMarketMakerSolution.Service.Data.CryMarketMakerKLineDB.KLine.Dtos.KLineDto;1972;ed979dcf-2210-4f7b-b454-ced2e1e17204;1695373320;0,0004240000;0,0004250000;0,0004230000;0,0004250000;75137,9400000000
CryMarketMakerSolution.Service.Data.CryMarketMakerKLineDB.KLine.Dtos.KLineDto;1971;ed979dcf-2210-4f7b-b454-ced2e1e17204;1695373260;0,0004250000;0,0004250000;0,0004240000;0,0004240000;48132,7800000000
CryMarketMakerSolution.Service.Data.CryMarketMakerKLineDB.KLine.Dtos.KLineDto;1970;ed979dcf-2210-4f7b-b454-ced2e1e17204;1695373200;0,0004270000;0,0004270000;0,0004250000;0,0004250000;86961,7700000000
CryMarketMakerSolution.Service.Data.CryMarketMakerKLineDB.KLine.Dtos.KLineDto;1969;ed979dcf-2210-4f7b-b454-ced2e1e17204;1695373140;0,0004270000;0,0004270000;0,0004270000;0,0004270000;56182,6600000000
CryMarketMakerSolution.Service.Data.CryMarketMakerKLineDB.KLine.Dtos.KLineDto;1968;ed979dcf-2210-4f7b-b454-ced2e1e17204;1695373080;0,0004260000;0,0004270000;0,0004260000;0,0004270000;64181,4200000000
CryMarketMakerSolution.Service.Data.CryMarketMakerKLineDB.KLine.Dtos.KLineDto;1967;ed979dcf-2210-4f7b-b454-ced2e1e17204;1695373020;0,0004250000;0,0004260000;0,0004250000;0,0004260000;50579,9400000000
CryMarketMakerSolution.Service.Data.CryMarketMakerKLineDB.KLine.Dtos.KLineDto;1966;ed979dcf-2210-4f7b-b454-ced2e1e17204;1695372960;0,0004260000;0,0004260000;0,0004250000;0,0004250000;57352,7100000000
CryMarketMakerSolution.Service.Data.CryMarketMakerKLineDB.KLine.Dtos.KLineDto;1965;ed979dcf-2210-4f7b-b454-ced2e1e17204;1695372900;0,0004270000;0,0004270000;0,0004260000;0,0004260000;86725,5300000000
CryMarketMakerSolution.Service.Data.CryMarketMakerKLineDB.KLine.Dtos.KLineDto;1964;ed979dcf-2210-4f7b-b454-ced2e1e17204;1695372840;0,0004270000;0,0004270000;0,0004270000;0,0004270000;84309,1200000000
CryMarketMakerSolution.Service.Data.CryMarketMakerKLineDB.KLine.Dtos.KLineDto;1963;ed979dcf-2210-4f7b-b454-ced2e1e17204;1695372780;0,0004270000;0,0004270000;0,0004270000;0,0004270000;45714,2800000000
CryMarketMakerSolution.Service.Data.CryMarketMakerKLineDB.KLine.Dtos.KLineDto;1962;ed979dcf-2210-4f7b-b454-ced2e1e17204;1695372720;0,0004260000;0,0004270000;0,0004260000;0,0004270000;78020,0800000000
CryMarketMakerSolution.Service.Data.CryMarketMakerKLineDB.KLine.Dtos.KLineDto;1961;ed979dcf-2210-4f7b-b454-ced2e1e17204;1695372660;0,0004250000;0,0004260000;0,0004250000;0,0004260000;51330,3400000000
CryMarketMakerSolution.Service.Data.CryMarketMakerKLineDB.KLine.Dtos.KLineDto;1960;ed979dcf-2210-4f7b-b454-ced2e1e17204;1695372600;0,0004270000;0,0004270000;0,0004250000;0,0004250000;77510,2600000000
CryMarketMakerSolution.Service.Data.CryMarketMakerKLineDB.KLine.Dtos.KLineDto;1959;ed979dcf-2210-4f7b-b454-ced2e1e17204;1695372540;0,0004270000;0,0004270000;0,0004270000;0,0004270000;92107,7100000000
CryMarketMakerSolution.Service.Data.CryMarketMakerKLineDB.KLine.Dtos.KLineDto;1958;ed979dcf-2210-4f7b-b454-ced2e1e17204;1695372480;0,0004270000;0,0004270000;0,0004270000;0,0004270000;46768,1400000000
CryMarketMakerSolution.Service.Data.CryMarketMakerKLineDB.KLine.Dtos.KLineDto;1957;ed979dcf-2210-4f7b-b454-ced2e1e17204;1695372420;0,0004270000;0,0004270000;0,0004270000;0,0004270000;73957,8300000000
CryMarketMakerSolution.Service.Data.CryMarketMakerKLineDB.KLine.Dtos.KLineDto;1956;ed979dcf-2210-4f7b-b454-ced2e1e17204;1695372360;0,0004270000;0,0004270000;0,0004270000;0,0004270000;43981,2600000000
CryMarketMakerSolution.Service.Data.CryMarketMakerKLineDB.KLine.Dtos.KLineDto;1955;ed979dcf-2210-4f7b-b454-ced2e1e17204;1695372300;0,0004250000;0,0004270000;0,0004250000;0,0004270000;64514,2000000000
CryMarketMakerSolution.Service.Data.CryMarketMakerKLineDB.KLine.Dtos.KLineDto;1954;ed979dcf-2210-4f7b-b454-ced2e1e17204;1695372240;0,0004260000;0,0004260000;0,0004250000;0,0004250000;92559,7200000000
CryMarketMakerSolution.Service.Data.CryMarketMakerKLineDB.KLine.Dtos.KLineDto;1953;ed979dcf-2210-4f7b-b454-ced2e1e17204;1695372180;0,0004270000;0,0004270000;0,0004260000;0,0004260000;51840,1000000000
CryMarketMakerSolution.Service.Data.CryMarketMakerKLineDB.KLine.Dtos.KLineDto;1952;ed979dcf-2210-4f7b-b454-ced2e1e17204;1695372120;0,0004270000;0,0004270000;0,0004260000;0,0004270000;56160,0000000000
CryMarketMakerSolution.Service.Data.CryMarketMakerKLineDB.KLine.Dtos.KLineDto;1951;ed979dcf-2210-4f7b-b454-ced2e1e17204;1695372060;0,0004270000;0,0004270000;0,0004270000;0,0004270000;65737,7000000000
CryMarketMakerSolution.Service.Data.CryMarketMakerKLineDB.KLine.Dtos.KLineDto;1950;ed979dcf-2210-4f7b-b454-ced2e1e17204;1695372000;0,0004260000;0,0004270000;0,0004250000;0,0004270000;96061,9500000000
CryMarketMakerSolution.Service.Data.CryMarketMakerKLineDB.KLine.Dtos.KLineDto;1949;ed979dcf-2210-4f7b-b454-ced2e1e17204;1695371940;0,0004250000;0,0004260000;0,0004250000;0,0004260000;34543,1500000000
CryMarketMakerSolution.Service.Data.CryMarketMakerKLineDB.KLine.Dtos.KLineDto;1948;ed979dcf-2210-4f7b-b454-ced2e1e17204;1695371880;0,0004270000;0,0004270000;0,0004250000;0,0004250000;79530,3200000000
CryMarketMakerSolution.Service.Data.CryMarketMakerKLineDB.KLine.Dtos.KLineDto;1947;ed979dcf-2210-4f7b-b454-ced2e1e17204;1695371820;0,0004260000;0,0004270000;0,0004260000;0,0004270000;91017,8900000000
CryMarketMakerSolution.Service.Data.CryMarketMakerKLineDB.KLine.Dtos.KLineDto;1946;ed979dcf-2210-4f7b-b454-ced2e1e17204;1695371760;0,0004270000;0,0004270000;0,0004260000;0,0004260000;58526,3300000000
CryMarketMakerSolution.Service.Data.CryMarketMakerKLineDB.KLine.Dtos.KLineDto;1945;ed979dcf-2210-4f7b-b454-ced2e1e17204;1695371700;0,0004270000;0,0004270000;0,0004270000;0,0004270000;57236,5200000000
CryMarketMakerSolution.Service.Data.CryMarketMakerKLineDB.KLine.Dtos.KLineDto;1944;ed979dcf-2210-4f7b-b454-ced2e1e17204;1695371640;0,0004270000;0,0004270000;0,0004260000;0,0004270000;65032,9700000000
CryMarketMakerSolution.Service.Data.CryMarketMakerKLineDB.KLine.Dtos.KLineDto;1943;ed979dcf-2210-4f7b-b454-ced2e1e17204;1695371580;0,0004260000;0,0004270000;0,0004260000;0,0004270000;69206,4800000000
CryMarketMakerSolution.Service.Data.CryMarketMakerKLineDB.KLine.Dtos.KLineDto;1942;ed979dcf-2210-4f7b-b454-ced2e1e17204;1695371520;0,0004270000;0,0004270000;0,0004260000;0,0004260000;50320,7100000000
CryMarketMakerSolution.Service.Data.CryMarketMakerKLineDB.KLine.Dtos.KLineDto;1941;ed979dcf-2210-4f7b-b454-ced2e1e17204;1695371460;0,0004260000;0,0004270000;0,0004260000;0,0004270000;78714,7300000000
CryMarketMakerSolution.Service.Data.CryMarketMakerKLineDB.KLine.Dtos.KLineDto;1940;ed979dcf-2210-4f7b-b454-ced2e1e17204;1695371400;0,0004260000;0,0004260000;0,0004260000;0,0004260000;72464,7700000000
CryMarketMakerSolution.Service.Data.CryMarketMakerKLineDB.KLine.Dtos.KLineDto;1939;ed979dcf-2210-4f7b-b454-ced2e1e17204;1695371340;0,0004250000;0,0004260000;0,0004250000;0,0004260000;77975,2900000000
CryMarketMakerSolution.Service.Data.CryMarketMakerKLineDB.KLine.Dtos.KLineDto;1938;ed979dcf-2210-4f7b-b454-ced2e1e17204;1695371280;0,0004250000;0,0004250000;0,0004250000;0,0004250000;53176,4600000000
CryMarketMakerSolution.Service.Data.CryMarketMakerKLineDB.KLine.Dtos.KLineDto;1937;ed979dcf-2210-4f7b-b454-ced2e1e17204;1695371220;0,0004230000;0,0004250000;0,0004230000;0,0004250000;85951,7900000000
CryMarketMakerSolution.Service.Data.CryMarketMakerKLineDB.KLine.Dtos.KLineDto;1936;ed979dcf-2210-4f7b-b454-ced2e1e17204;1695371160;0,0004230000;0,0004240000;0,0004230000;0,0004230000;61391,8300000000
CryMarketMakerSolution.Service.Data.CryMarketMakerKLineDB.KLine.Dtos.KLineDto;1935;ed979dcf-2210-4f7b-b454-ced2e1e17204;1695371100;0,0004240000;0,0004240000;0,0004230000;0,0004230000;46996,5100000000
CryMarketMakerSolution.Service.Data.CryMarketMakerKLineDB.KLine.Dtos.KLineDto;1934;ed979dcf-2210-4f7b-b454-ced2e1e17204;1695371040;0,0004250000;0,0004250000;0,0004240000;0,0004240000;90158,9700000000
CryMarketMakerSolution.Service.Data.CryMarketMakerKLineDB.KLine.Dtos.KLineDto;1933;ed979dcf-2210-4f7b-b454-ced2e1e17204;1695370980;0,0004240000;0,0004250000;0,0004240000;0,0004250000;46269,0800000000
CryMarketMakerSolution.Service.Data.CryMarketMakerKLineDB.KLine.Dtos.KLineDto;1932;ed979dcf-2210-4f7b-b454-ced2e1e17204;1695370920;0,0004240000;0,0004240000;0,0004230000;0,0004240000;80059,9800000000
CryMarketMakerSolution.Service.Data.CryMarketMakerKLineDB.KLine.Dtos.KLineDto;1931;ed979dcf-2210-4f7b-b454-ced2e1e17204;1695370860;0,0004230000;0,0004240000;0,0004230000;0,0004240000;52910,4100000000
CryMarketMakerSolution.Service.Data.CryMarketMakerKLineDB.KLine.Dtos.KLineDto;1930;ed979dcf-2210-4f7b-b454-ced2e1e17204;1695370800;0,0004240000;0,0004240000;0,0004230000;0,0004230000;79702,6900000000
CryMarketMakerSolution.Service.Data.CryMarketMakerKLineDB.KLine.Dtos.KLineDto;1929;ed979dcf-2210-4f7b-b454-ced2e1e17204;1695370740;0,0004250000;0,0004250000;0,0004240000;0,0004240000;42644,7200000000
CryMarketMakerSolution.Service.Data.CryMarketMakerKLineDB.KLine.Dtos.KLineDto;1928;ed979dcf-2210-4f7b-b454-ced2e1e17204;1695370680;0,0004250000;0,0004250000;0,0004240000;0,0004250000;85614,3100000000
CryMarketMakerSolution.Service.Data.CryMarketMakerKLineDB.KLine.Dtos.KLineDto;1927;ed979dcf-2210-4f7b-b454-ced2e1e17204;1695370620;0,0004230000;0,0004250000;0,0004230000;0,0004250000;85001,2500000000
CryMarketMakerSolution.Service.Data.CryMarketMakerKLineDB.KLine.Dtos.KLineDto;1926;ed979dcf-2210-4f7b-b454-ced2e1e17204;1695370560;0,0004230000;0,0004230000;0,0004230000;0,0004230000;36501,1700000000
CryMarketMakerSolution.Service.Data.CryMarketMakerKLineDB.KLine.Dtos.KLineDto;1925;ed979dcf-2210-4f7b-b454-ced2e1e17204;1695370500;0,0004240000;0,0004240000;0,0004230000;0,0004230000;92212,6700000000
CryMarketMakerSolution.Service.Data.CryMarketMakerKLineDB.KLine.Dtos.KLineDto;1924;ed979dcf-2210-4f7b-b454-ced2e1e17204;1695370440;0,0004250000;0,0004250000;0,0004240000;0,0004240000;49359,2500000000
CryMarketMakerSolution.Service.Data.CryMarketMakerKLineDB.KLine.Dtos.KLineDto;1923;ed979dcf-2210-4f7b-b454-ced2e1e17204;1695370380;0,0004250000;0,0004250000;0,0004240000;0,0004250000;68715,6900000000
CryMarketMakerSolution.Service.Data.CryMarketMakerKLineDB.KLine.Dtos.KLineDto;1922;ed979dcf-2210-4f7b-b454-ced2e1e17204;1695370320;0,0004230000;0,0004250000;0,0004230000;0,0004250000;84337,5400000000
CryMarketMakerSolution.Service.Data.CryMarketMakerKLineDB.KLine.Dtos.KLineDto;1921;ed979dcf-2210-4f7b-b454-ced2e1e17204;1695370260;0,0004230000;0,0004230000;0,0004230000;0,0004230000;55602,8300000000
CryMarketMakerSolution.Service.Data.CryMarketMakerKLineDB.KLine.Dtos.KLineDto;1920;ed979dcf-2210-4f7b-b454-ced2e1e17204;1695370200;0,0004230000;0,0004240000;0,0004230000;0,0004230000;90863,5900000000
CryMarketMakerSolution.Service.Data.CryMarketMakerKLineDB.KLine.Dtos.KLineDto;1919;ed979dcf-2210-4f7b-b454-ced2e1e17204;1695370140;0,0004250000;0,0004250000;0,0004230000;0,0004230000;62761,9400000000
CryMarketMakerSolution.Service.Data.CryMarketMakerKLineDB.KLine.Dtos.KLineDto;1918;ed979dcf-2210-4f7b-b454-ced2e1e17204;1695370080;0,0004250000;0,0004250000;0,0004250000;0,0004250000;39717,6400000000
CryMarketMakerSolution.Service.Data.CryMarketMakerKLineDB.KLine.Dtos.KLineDto;1917;ed979dcf-2210-4f7b-b454-ced2e1e17204;1695370020;0,0004240000;0,0004250000;0,0004240000;0,0004250000;49602,4900000000
CryMarketMakerSolution.Service.Data.CryMarketMakerKLineDB.KLine.Dtos.KLineDto;1916;ed979dcf-2210-4f7b-b454-ced2e1e17204;1695369960;0,0004240000;0,0004240000;0,0004240000;0,0004240000;65660,3600000000
CryMarketMakerSolution.Service.Data.CryMarketMakerKLineDB.KLine.Dtos.KLineDto;1915;ed979dcf-2210-4f7b-b454-ced2e1e17204;1695369900;0,0004250000;0,0004250000;0,0004240000;0,0004240000;66892,1600000000
CryMarketMakerSolution.Service.Data.CryMarketMakerKLineDB.KLine.Dtos.KLineDto;1914;ed979dcf-2210-4f7b-b454-ced2e1e17204;1695369840;0,0004250000;0,0004250000;0,0004240000;0,0004250000;76640,8400000000
CryMarketMakerSolution.Service.Data.CryMarketMakerKLineDB.KLine.Dtos.KLineDto;1913;ed979dcf-2210-4f7b-b454-ced2e1e17204;1695369780;0,0004250000;0,0004250000;0,0004240000;0,0004250000;60044,1600000000
CryMarketMakerSolution.Service.Data.CryMarketMakerKLineDB.KLine.Dtos.KLineDto;1912;ed979dcf-2210-4f7b-b454-ced2e1e17204;1695369720;0,0004240000;0,0004250000;0,0004240000;0,0004250000;54068,0800000000
CryMarketMakerSolution.Service.Data.CryMarketMakerKLineDB.KLine.Dtos.KLineDto;1911;ed979dcf-2210-4f7b-b454-ced2e1e17204;1695369660;0,0004250000;0,0004250000;0,0004240000;0,0004240000;74701,3200000000
CryMarketMakerSolution.Service.Data.CryMarketMakerKLineDB.KLine.Dtos.KLineDto;1910;ed979dcf-2210-4f7b-b454-ced2e1e17204;1695369600;0,0004250000;0,0004260000;0,0004250000;0,0004250000;71102,5600000000
CryMarketMakerSolution.Service.Data.CryMarketMakerKLineDB.KLine.Dtos.KLineDto;1909;ed979dcf-2210-4f7b-b454-ced2e1e17204;1695369540;0,0004250000;0,0004260000;0,0004250000;0,0004250000;36886,1000000000
CryMarketMakerSolution.Service.Data.CryMarketMakerKLineDB.KLine.Dtos.KLineDto;1908;ed979dcf-2210-4f7b-b454-ced2e1e17204;1695369480;0,0004260000;0,0004270000;0,0004250000;0,0004250000;102124,1700000000
CryMarketMakerSolution.Service.Data.CryMarketMakerKLineDB.KLine.Dtos.KLineDto;1907;ed979dcf-2210-4f7b-b454-ced2e1e17204;1695369420;0,0004270000;0,0004270000;0,0004260000;0,0004260000;60877,5400000000
CryMarketMakerSolution.Service.Data.CryMarketMakerKLineDB.KLine.Dtos.KLineDto;1906;ed979dcf-2210-4f7b-b454-ced2e1e17204;1695369360;0,0004260000;0,0004270000;0,0004260000;0,0004270000;50805,5900000000
CryMarketMakerSolution.Service.Data.CryMarketMakerKLineDB.KLine.Dtos.KLineDto;1905;ed979dcf-2210-4f7b-b454-ced2e1e17204;1695369300;0,0004260000;0,0004260000;0,0004260000;0,0004260000;78075,1000000000
CryMarketMakerSolution.Service.Data.CryMarketMakerKLineDB.KLine.Dtos.KLineDto;1904;ed979dcf-2210-4f7b-b454-ced2e1e17204;1695369240;0,0004250000;0,0004260000;0,0004250000;0,0004260000;79297,2500000000
CryMarketMakerSolution.Service.Data.CryMarketMakerKLineDB.KLine.Dtos.KLineDto;1903;ed979dcf-2210-4f7b-b454-ced2e1e17204;1695369180;0,0004250000;0,0004250000;0,0004250000;0,0004250000;36141,1700000000
CryMarketMakerSolution.Service.Data.CryMarketMakerKLineDB.KLine.Dtos.KLineDto;1902;ed979dcf-2210-4f7b-b454-ced2e1e17204;1695369120;0,0004240000;0,0004250000;0,0004240000;0,0004250000;81507,6400000000
CryMarketMakerSolution.Service.Data.CryMarketMakerKLineDB.KLine.Dtos.KLineDto;1901;ed979dcf-2210-4f7b-b454-ced2e1e17204;1695369060;0,0004240000;0,0004240000;0,0004240000;0,0004240000;58938,6700000000
CryMarketMakerSolution.Service.Data.CryMarketMakerKLineDB.KLine.Dtos.KLineDto;1900;ed979dcf-2210-4f7b-b454-ced2e1e17204;1695369000;0,0004260000;0,0004260000;0,0004240000;0,0004240000;65721,7900000000
CryMarketMakerSolution.Service.Data.CryMarketMakerKLineDB.KLine.Dtos.KLineDto;1899;ed979dcf-2210-4f7b-b454-ced2e1e17204;1695368940;0,0004270000;0,0004270000;0,0004260000;0,0004260000;83311,9300000000
CryMarketMakerSolution.Service.Data.CryMarketMakerKLineDB.KLine.Dtos.KLineDto;1898;ed979dcf-2210-4f7b-b454-ced2e1e17204;1695368880;0,0004260000;0,0004270000;0,0004260000;0,0004270000;75917,2400000000
CryMarketMakerSolution.Service.Data.CryMarketMakerKLineDB.KLine.Dtos.KLineDto;1897;ed979dcf-2210-4f7b-b454-ced2e1e17204;1695368820;0,0004260000;0,0004260000;0,0004260000;0,0004260000;38450,7000000000
CryMarketMakerSolution.Service.Data.CryMarketMakerKLineDB.KLine.Dtos.KLineDto;1896;ed979dcf-2210-4f7b-b454-ced2e1e17204;1695368760;0,0004160000;0,0004260000;0,0004160000;0,0004260000;146151,5500000000
CryMarketMakerSolution.Service.Data.CryMarketMakerKLineDB.KLine.Dtos.KLineDto;1895;ed979dcf-2210-4f7b-b454-ced2e1e17204;1695368700;0,0004100000;0,0004160000;0,0004100000;0,0004160000;88596,9500000000
CryMarketMakerSolution.Service.Data.CryMarketMakerKLineDB.KLine.Dtos.KLineDto;1894;ed979dcf-2210-4f7b-b454-ced2e1e17204;1695368640;0,0004100000;0,0004110000;0,0004100000;0,0004100000;50465,9600000000
CryMarketMakerSolution.Service.Data.CryMarketMakerKLineDB.KLine.Dtos.KLineDto;1893;ed979dcf-2210-4f7b-b454-ced2e1e17204;1695368580;0,0004100000;0,0004100000;0,0004090000;0,0004100000;68938,3300000000
CryMarketMakerSolution.Service.Data.CryMarketMakerKLineDB.KLine.Dtos.KLineDto;1892;ed979dcf-2210-4f7b-b454-ced2e1e17204;1695368520;0,0004100000;0,0004100000;0,0004100000;0,0004100000;41292,6700000000
CryMarketMakerSolution.Service.Data.CryMarketMakerKLineDB.KLine.Dtos.KLineDto;1891;ed979dcf-2210-4f7b-b454-ced2e1e17204;1695368460;0,0004100000;0,0004100000;0,0004090000;0,0004100000;70319,8100000000
CryMarketMakerSolution.Service.Data.CryMarketMakerKLineDB.KLine.Dtos.KLineDto;1890;ed979dcf-2210-4f7b-b454-ced2e1e17204;1695368400;0,0004090000;0,0004100000;0,0004090000;0,0004100000;65972,4400000000
CryMarketMakerSolution.Service.Data.CryMarketMakerKLineDB.KLine.Dtos.KLineDto;1889;ed979dcf-2210-4f7b-b454-ced2e1e17204;1695368340;0,0004090000;0,0004100000;0,0004090000;0,0004090000;68483,5600000000
CryMarketMakerSolution.Service.Data.CryMarketMakerKLineDB.KLine.Dtos.KLineDto;1888;ed979dcf-2210-4f7b-b454-ced2e1e17204;1695368280;0,0004100000;0,0004100000;0,0004090000;0,0004090000;45843,5100000000
CryMarketMakerSolution.Service.Data.CryMarketMakerKLineDB.KLine.Dtos.KLineDto;1887;ed979dcf-2210-4f7b-b454-ced2e1e17204;1695368220;0,0004090000;0,0004100000;0,0004090000;0,0004100000;85366,0800000000
CryMarketMakerSolution.Service.Data.CryMarketMakerKLineDB.KLine.Dtos.KLineDto;1886;ed979dcf-2210-4f7b-b454-ced2e1e17204;1695368160;0,0004090000;0,0004090000;0,0004090000;0,0004090000;47114,9100000000
CryMarketMakerSolution.Service.Data.CryMarketMakerKLineDB.KLine.Dtos.KLineDto;1885;ed979dcf-2210-4f7b-b454-ced2e1e17204;1695368100;0,0004100000;0,0004100000;0,0004090000;0,0004090000;80813,7500000000
CryMarketMakerSolution.Service.Data.CryMarketMakerKLineDB.KLine.Dtos.KLineDto;1884;ed979dcf-2210-4f7b-b454-ced2e1e17204;1695368040;0,0004100000;0,0004100000;0,0004100000;0,0004100000;62243,9000000000
CryMarketMakerSolution.Service.Data.CryMarketMakerKLineDB.KLine.Dtos.KLineDto;1883;ed979dcf-2210-4f7b-b454-ced2e1e17204;1695367980;0,0004100000;0,0004100000;0,0004090000;0,0004100000;64428,3400000000
CryMarketMakerSolution.Service.Data.CryMarketMakerKLineDB.KLine.Dtos.KLineDto;1882;ed979dcf-2210-4f7b-b454-ced2e1e17204;1695367920;0,0004090000;0,0004100000;0,0004090000;0,0004100000;57894,9100000000
CryMarketMakerSolution.Service.Data.CryMarketMakerKLineDB.KLine.Dtos.KLineDto;1881;ed979dcf-2210-4f7b-b454-ced2e1e17204;1695367860;0,0004090000;0,0004090000;0,0004090000;0,0004090000;44254,2700000000
CryMarketMakerSolution.Service.Data.CryMarketMakerKLineDB.KLine.Dtos.KLineDto;1880;ed979dcf-2210-4f7b-b454-ced2e1e17204;1695367800;0,0004100000;0,0004100000;0,0004090000;0,0004090000;66431,2000000000
CryMarketMakerSolution.Service.Data.CryMarketMakerKLineDB.KLine.Dtos.KLineDto;1879;ed979dcf-2210-4f7b-b454-ced2e1e17204;1695367740;0,0004110000;0,0004110000;0,0004100000;0,0004100000;76331,4800000000
CryMarketMakerSolution.Service.Data.CryMarketMakerKLineDB.KLine.Dtos.KLineDto;1878;ed979dcf-2210-4f7b-b454-ced2e1e17204;1695367680;0,0004100000;0,0004110000;0,0004100000;0,0004110000;65206,8000000000
CryMarketMakerSolution.Service.Data.CryMarketMakerKLineDB.KLine.Dtos.KLineDto;1877;ed979dcf-2210-4f7b-b454-ced2e1e17204;1695367620;0,0004090000;0,0004100000;0,0004090000;0,0004100000;78805,5200000000
CryMarketMakerSolution.Service.Data.CryMarketMakerKLineDB.KLine.Dtos.KLineDto;1876;ed979dcf-2210-4f7b-b454-ced2e1e17204;1695367560;0,0004090000;0,0004090000;0,0004090000;0,0004090000;55452,3100000000
CryMarketMakerSolution.Service.Data.CryMarketMakerKLineDB.KLine.Dtos.KLineDto;1875;ed979dcf-2210-4f7b-b454-ced2e1e17204;1695367500;0,0004100000;0,0004100000;0,0004090000;0,0004090000;88166,2400000000
CryMarketMakerSolution.Service.Data.CryMarketMakerKLineDB.KLine.Dtos.KLineDto;1874;ed979dcf-2210-4f7b-b454-ced2e1e17204;1695367440;0,0004100000;0,0004110000;0,0004100000;0,0004100000;61092,0900000000
CryMarketMakerSolution.Service.Data.CryMarketMakerKLineDB.KLine.Dtos.KLineDto;1873;ed979dcf-2210-4f7b-b454-ced2e1e17204;1695367380;0,0004100000;0,0004100000;0,0004090000;0,0004100000;52880,9600000000
CryMarketMakerSolution.Service.Data.CryMarketMakerKLineDB.KLine.Dtos.KLineDto;1872;ed979dcf-2210-4f7b-b454-ced2e1e17204;1695367320;0,0004110000;0,0004110000;0,0004100000;0,0004100000;58158,5000000000
CryMarketMakerSolution.Service.Data.CryMarketMakerKLineDB.KLine.Dtos.KLineDto;1871;ed979dcf-2210-4f7b-b454-ced2e1e17204;1695367260;0,0004100000;0,0004110000;0,0004100000;0,0004110000;111313,8600000000
CryMarketMakerSolution.Service.Data.CryMarketMakerKLineDB.KLine.Dtos.KLineDto;1870;ed979dcf-2210-4f7b-b454-ced2e1e17204;1695367200;0,0004090000;0,0004100000;0,0004090000;0,0004100000;54272,1000000000
CryMarketMakerSolution.Service.Data.CryMarketMakerKLineDB.KLine.Dtos.KLineDto;1869;ed979dcf-2210-4f7b-b454-ced2e1e17204;1695367140;0,0004110000;0,0004110000;0,0004090000;0,0004090000;77525,9400000000
CryMarketMakerSolution.Service.Data.CryMarketMakerKLineDB.KLine.Dtos.KLineDto;1868;ed979dcf-2210-4f7b-b454-ced2e1e17204;1695367080;0,0004100000;0,0004110000;0,0004100000;0,0004110000;53732,4700000000
CryMarketMakerSolution.Service.Data.CryMarketMakerKLineDB.KLine.Dtos.KLineDto;1867;ed979dcf-2210-4f7b-b454-ced2e1e17204;1695367020;0,0004090000;0,0004100000;0,0004090000;0,0004100000;42963,6100000000
CryMarketMakerSolution.Service.Data.CryMarketMakerKLineDB.KLine.Dtos.KLineDto;1866;ed979dcf-2210-4f7b-b454-ced2e1e17204;1695366960;0,0004090000;0,0004090000;0,0004090000;0,0004090000;83911,9600000000
CryMarketMakerSolution.Service.Data.CryMarketMakerKLineDB.KLine.Dtos.KLineDto;1865;ed979dcf-2210-4f7b-b454-ced2e1e17204;1695366900;0,0004090000;0,0004090000;0,0004090000;0,0004090000;41931,5300000000
CryMarketMakerSolution.Service.Data.CryMarketMakerKLineDB.KLine.Dtos.KLineDto;1864;ed979dcf-2210-4f7b-b454-ced2e1e17204;1695366840;0,0004100000;0,0004100000;0,0004090000;0,0004090000;77041,5600000000
CryMarketMakerSolution.Service.Data.CryMarketMakerKLineDB.KLine.Dtos.KLineDto;1863;ed979dcf-2210-4f7b-b454-ced2e1e17204;1695366780;0,0004110000;0,0004110000;0,0004100000;0,0004100000;81113,8600000000
CryMarketMakerSolution.Service.Data.CryMarketMakerKLineDB.KLine.Dtos.KLineDto;1862;ed979dcf-2210-4f7b-b454-ced2e1e17204;1695366720;0,0004110000;0,0004110000;0,0004100000;0,0004110000;64526,4200000000
CryMarketMakerSolution.Service.Data.CryMarketMakerKLineDB.KLine.Dtos.KLineDto;1861;ed979dcf-2210-4f7b-b454-ced2e1e17204;1695366660;0,0004110000;0,0004110000;0,0004110000;0,0004110000;64768,8400000000
CryMarketMakerSolution.Service.Data.CryMarketMakerKLineDB.KLine.Dtos.KLineDto;1860;ed979dcf-2210-4f7b-b454-ced2e1e17204;1695366600;0,0004110000;0,0004110000;0,0004110000;0,0004110000;47250,6000000000
CryMarketMakerSolution.Service.Data.CryMarketMakerKLineDB.KLine.Dtos.KLineDto;1859;ed979dcf-2210-4f7b-b454-ced2e1e17204;1695366540;0,0004090000;0,0004110000;0,0004090000;0,0004110000;94455,6800000000
CryMarketMakerSolution.Service.Data.CryMarketMakerKLineDB.KLine.Dtos.KLineDto;1858;ed979dcf-2210-4f7b-b454-ced2e1e17204;1695366480;0,0004100000;0,0004100000;0,0004090000;0,0004090000;68410,7500000000
CryMarketMakerSolution.Service.Data.CryMarketMakerKLineDB.KLine.Dtos.KLineDto;1857;ed979dcf-2210-4f7b-b454-ced2e1e17204;1695366420;0,0004110000;0,0004110000;0,0004100000;0,0004100000;36379,7300000000
CryMarketMakerSolution.Service.Data.CryMarketMakerKLineDB.KLine.Dtos.KLineDto;1856;ed979dcf-2210-4f7b-b454-ced2e1e17204;1695366360;0,0004100000;0,0004110000;0,0004090000;0,0004110000;101704,5400000000
CryMarketMakerSolution.Service.Data.CryMarketMakerKLineDB.KLine.Dtos.KLineDto;1855;ed979dcf-2210-4f7b-b454-ced2e1e17204;1695366300;0,0004100000;0,0004100000;0,0004090000;0,0004100000;41611,4700000000
CryMarketMakerSolution.Service.Data.CryMarketMakerKLineDB.KLine.Dtos.KLineDto;1854;ed979dcf-2210-4f7b-b454-ced2e1e17204;1695366240;0,0004110000;0,0004110000;0,0004100000;0,0004100000;64229,3500000000
CryMarketMakerSolution.Service.Data.CryMarketMakerKLineDB.KLine.Dtos.KLineDto;1853;ed979dcf-2210-4f7b-b454-ced2e1e17204;1695366180;0,0004110000;0,0004110000;0,0004110000;0,0004110000;47323,5900000000
CryMarketMakerSolution.Service.Data.CryMarketMakerKLineDB.KLine.Dtos.KLineDto;1852;ed979dcf-2210-4f7b-b454-ced2e1e17204;1695366120;0,0004100000;0,0004110000;0,0004100000;0,0004110000;60452,6100000000
CryMarketMakerSolution.Service.Data.CryMarketMakerKLineDB.KLine.Dtos.KLineDto;1851;ed979dcf-2210-4f7b-b454-ced2e1e17204;1695366060;0,0004090000;0,0004100000;0,0004090000;0,0004100000;76195,2300000000
CryMarketMakerSolution.Service.Data.CryMarketMakerKLineDB.KLine.Dtos.KLineDto;1850;ed979dcf-2210-4f7b-b454-ced2e1e17204;1695366000;0,0004100000;0,0004100000;0,0004090000;0,0004090000;76593,1700000000
CryMarketMakerSolution.Service.Data.CryMarketMakerKLineDB.KLine.Dtos.KLineDto;1849;ed979dcf-2210-4f7b-b454-ced2e1e17204;1695365940;0,0004110000;0,0004110000;0,0004100000;0,0004100000;77785,8800000000
CryMarketMakerSolution.Service.Data.CryMarketMakerKLineDB.KLine.Dtos.KLineDto;1848;ed979dcf-2210-4f7b-b454-ced2e1e17204;1695365880;0,0004110000;0,0004110000;0,0004110000;0,0004110000;44160,5700000000
CryMarketMakerSolution.Service.Data.CryMarketMakerKLineDB.KLine.Dtos.KLineDto;1847;ed979dcf-2210-4f7b-b454-ced2e1e17204;1695365820;0,0004110000;0,0004110000;0,0004110000;0,0004110000;83673,9500000000
CryMarketMakerSolution.Service.Data.CryMarketMakerKLineDB.KLine.Dtos.KLineDto;1846;ed979dcf-2210-4f7b-b454-ced2e1e17204;1695365760;0,0004090000;0,0004110000;0,0004090000;0,0004110000;93713,4900000000
CryMarketMakerSolution.Service.Data.CryMarketMakerKLineDB.KLine.Dtos.KLineDto;1845;ed979dcf-2210-4f7b-b454-ced2e1e17204;1695365700;0,0004100000;0,0004100000;0,0004090000;0,0004090000;81396,0800000000
CryMarketMakerSolution.Service.Data.CryMarketMakerKLineDB.KLine.Dtos.KLineDto;1844;ed979dcf-2210-4f7b-b454-ced2e1e17204;1695365640;0,0004100000;0,0004100000;0,0004100000;0,0004100000;126365,8400000000
CryMarketMakerSolution.Service.Data.CryMarketMakerKLineDB.KLine.Dtos.KLineDto;1843;ed979dcf-2210-4f7b-b454-ced2e1e17204;1695365580;0,0004090000;0,0004100000;0,0004090000;0,0004100000;64025,5700000000
CryMarketMakerSolution.Service.Data.CryMarketMakerKLineDB.KLine.Dtos.KLineDto;1842;ed979dcf-2210-4f7b-b454-ced2e1e17204;1695365520;0,0004100000;0,0004100000;0,0004090000;0,0004090000;92164,0400000000
CryMarketMakerSolution.Service.Data.CryMarketMakerKLineDB.KLine.Dtos.KLineDto;1841;ed979dcf-2210-4f7b-b454-ced2e1e17204;1695365460;0,0004090000;0,0004100000;0,0004090000;0,0004100000;47302,6300000000
CryMarketMakerSolution.Service.Data.CryMarketMakerKLineDB.KLine.Dtos.KLineDto;1840;ed979dcf-2210-4f7b-b454-ced2e1e17204;1695365400;0,0004100000;0,0004100000;0,0004090000;0,0004090000;86930,9300000000
CryMarketMakerSolution.Service.Data.CryMarketMakerKLineDB.KLine.Dtos.KLineDto;1839;ed979dcf-2210-4f7b-b454-ced2e1e17204;1695365340;0,0004110000;0,0004110000;0,0004100000;0,0004100000;47701,0200000000
CryMarketMakerSolution.Service.Data.CryMarketMakerKLineDB.KLine.Dtos.KLineDto;1838;ed979dcf-2210-4f7b-b454-ced2e1e17204;1695365280;0,0004100000;0,0004110000;0,0004100000;0,0004110000;86832,6400000000
CryMarketMakerSolution.Service.Data.CryMarketMakerKLineDB.KLine.Dtos.KLineDto;1837;ed979dcf-2210-4f7b-b454-ced2e1e17204;1695365220;0,0004110000;0,0004110000;0,0004100000;0,0004100000;43577,1700000000
CryMarketMakerSolution.Service.Data.CryMarketMakerKLineDB.KLine.Dtos.KLineDto;1836;ed979dcf-2210-4f7b-b454-ced2e1e17204;1695365160;0,0004110000;0,0004110000;0,0004100000;0,0004110000;90878,2700000000
CryMarketMakerSolution.Service.Data.CryMarketMakerKLineDB.KLine.Dtos.KLineDto;1835;ed979dcf-2210-4f7b-b454-ced2e1e17204;1695365100;0,0004110000;0,0004110000;0,0004110000;0,0004110000;87007,2800000000
CryMarketMakerSolution.Service.Data.CryMarketMakerKLineDB.KLine.Dtos.KLineDto;1834;ed979dcf-2210-4f7b-b454-ced2e1e17204;1695365040;0,0004100000;0,0004110000;0,0004100000;0,0004110000;78102,1800000000
CryMarketMakerSolution.Service.Data.CryMarketMakerKLineDB.KLine.Dtos.KLineDto;1833;ed979dcf-2210-4f7b-b454-ced2e1e17204;1695364980;0,0004110000;0,0004110000;0,0004100000;0,0004100000;61996,9600000000
CryMarketMakerSolution.Service.Data.CryMarketMakerKLineDB.KLine.Dtos.KLineDto;1832;ed979dcf-2210-4f7b-b454-ced2e1e17204;1695364920;0,0004120000;0,0004120000;0,0004110000;0,0004110000;47615,5600000000
CryMarketMakerSolution.Service.Data.CryMarketMakerKLineDB.KLine.Dtos.KLineDto;1831;ed979dcf-2210-4f7b-b454-ced2e1e17204;1695364860;0,0004110000;0,0004120000;0,0004100000;0,0004120000;111350,3400000000
CryMarketMakerSolution.Service.Data.CryMarketMakerKLineDB.KLine.Dtos.KLineDto;1830;ed979dcf-2210-4f7b-b454-ced2e1e17204;1695364800;0,0004110000;0,0004110000;0,0004110000;0,0004110000;33552,3100000000
CryMarketMakerSolution.Service.Data.CryMarketMakerKLineDB.KLine.Dtos.KLineDto;1829;ed979dcf-2210-4f7b-b454-ced2e1e17204;1695364740;0,0004110000;0,0004110000;0,0004110000;0,0004110000;72579,0600000000
CryMarketMakerSolution.Service.Data.CryMarketMakerKLineDB.KLine.Dtos.KLineDto;1828;ed979dcf-2210-4f7b-b454-ced2e1e17204;1695364680;0,0004110000;0,0004110000;0,0004110000;0,0004110000;53673,9500000000
CryMarketMakerSolution.Service.Data.CryMarketMakerKLineDB.KLine.Dtos.KLineDto;1827;ed979dcf-2210-4f7b-b454-ced2e1e17204;1695364620;0,0004110000;0,0004110000;0,0004110000;0,0004110000;62919,6900000000
CryMarketMakerSolution.Service.Data.CryMarketMakerKLineDB.KLine.Dtos.KLineDto;1826;ed979dcf-2210-4f7b-b454-ced2e1e17204;1695364560;0,0004100000;0,0004110000;0,0004100000;0,0004110000;60632,5900000000
CryMarketMakerSolution.Service.Data.CryMarketMakerKLineDB.KLine.Dtos.KLineDto;1825;ed979dcf-2210-4f7b-b454-ced2e1e17204;1695364500;0,0004100000;0,0004100000;0,0004090000;0,0004100000;61392,5600000000
CryMarketMakerSolution.Service.Data.CryMarketMakerKLineDB.KLine.Dtos.KLineDto;1824;ed979dcf-2210-4f7b-b454-ced2e1e17204;1695364440;0,0004110000;0,0004110000;0,0004100000;0,0004100000;83365,2500000000
CryMarketMakerSolution.Service.Data.CryMarketMakerKLineDB.KLine.Dtos.KLineDto;1823;ed979dcf-2210-4f7b-b454-ced2e1e17204;1695364380;0,0004100000;0,0004110000;0,0004100000;0,0004110000;73998,1500000000
CryMarketMakerSolution.Service.Data.CryMarketMakerKLineDB.KLine.Dtos.KLineDto;1822;ed979dcf-2210-4f7b-b454-ced2e1e17204;1695364320;0,0004090000;0,0004100000;0,0004090000;0,0004100000;74448,9700000000
CryMarketMakerSolution.Service.Data.CryMarketMakerKLineDB.KLine.Dtos.KLineDto;1821;ed979dcf-2210-4f7b-b454-ced2e1e17204;1695364260;0,0004100000;0,0004100000;0,0004090000;0,0004090000;41442,5400000000
CryMarketMakerSolution.Service.Data.CryMarketMakerKLineDB.KLine.Dtos.KLineDto;1820;ed979dcf-2210-4f7b-b454-ced2e1e17204;1695364200;0,0004100000;0,0004100000;0,0004090000;0,0004100000;56429,4700000000
CryMarketMakerSolution.Service.Data.CryMarketMakerKLineDB.KLine.Dtos.KLineDto;1819;ed979dcf-2210-4f7b-b454-ced2e1e17204;1695364140;0,0004090000;0,0004100000;0,0004090000;0,0004100000;75838,2600000000
CryMarketMakerSolution.Service.Data.CryMarketMakerKLineDB.KLine.Dtos.KLineDto;1818;ed979dcf-2210-4f7b-b454-ced2e1e17204;1695364080;0,0004090000;0,0004090000;0,0004090000;0,0004090000;56234,7100000000
CryMarketMakerSolution.Service.Data.CryMarketMakerKLineDB.KLine.Dtos.KLineDto;1817;ed979dcf-2210-4f7b-b454-ced2e1e17204;1695364020;0,0004090000;0,0004100000;0,0004090000;0,0004090000;85957,2300000000
CryMarketMakerSolution.Service.Data.CryMarketMakerKLineDB.KLine.Dtos.KLineDto;1816;ed979dcf-2210-4f7b-b454-ced2e1e17204;1695363960;0,0004100000;0,0004100000;0,0004090000;0,0004090000;104132,0100000000
CryMarketMakerSolution.Service.Data.CryMarketMakerKLineDB.KLine.Dtos.KLineDto;1815;ed979dcf-2210-4f7b-b454-ced2e1e17204;1695363900;0,0004110000;0,0004110000;0,0004100000;0,0004100000;44411,4200000000
CryMarketMakerSolution.Service.Data.CryMarketMakerKLineDB.KLine.Dtos.KLineDto;1814;ed979dcf-2210-4f7b-b454-ced2e1e17204;1695363840;0,0004100000;0,0004110000;0,0004100000;0,0004110000;67469,5800000000
CryMarketMakerSolution.Service.Data.CryMarketMakerKLineDB.KLine.Dtos.KLineDto;1813;ed979dcf-2210-4f7b-b454-ced2e1e17204;1695363780;0,0004090000;0,0004100000;0,0004090000;0,0004100000;88808,5600000000
CryMarketMakerSolution.Service.Data.CryMarketMakerKLineDB.KLine.Dtos.KLineDto;1812;ed979dcf-2210-4f7b-b454-ced2e1e17204;1695363720;0,0004100000;0,0004100000;0,0004090000;0,0004090000;58777,4900000000
CryMarketMakerSolution.Service.Data.CryMarketMakerKLineDB.KLine.Dtos.KLineDto;1811;ed979dcf-2210-4f7b-b454-ced2e1e17204;1695363660;0,0004110000;0,0004110000;0,0004100000;0,0004100000;92315,5700000000
CryMarketMakerSolution.Service.Data.CryMarketMakerKLineDB.KLine.Dtos.KLineDto;1810;ed979dcf-2210-4f7b-b454-ced2e1e17204;1695363600;0,0004100000;0,0004110000;0,0004100000;0,0004110000;69781,3100000000
CryMarketMakerSolution.Service.Data.CryMarketMakerKLineDB.KLine.Dtos.KLineDto;1809;ed979dcf-2210-4f7b-b454-ced2e1e17204;1695363540;0,0004100000;0,0004110000;0,0004100000;0,0004100000;70851,5100000000
CryMarketMakerSolution.Service.Data.CryMarketMakerKLineDB.KLine.Dtos.KLineDto;1808;ed979dcf-2210-4f7b-b454-ced2e1e17204;1695363480;0,0004100000;0,0004110000;0,0004100000;0,0004100000;105921,1100000000
CryMarketMakerSolution.Service.Data.CryMarketMakerKLineDB.KLine.Dtos.KLineDto;1807;ed979dcf-2210-4f7b-b454-ced2e1e17204;1695363420;0,0004090000;0,0004100000;0,0004090000;0,0004100000;41719,6500000000
CryMarketMakerSolution.Service.Data.CryMarketMakerKLineDB.KLine.Dtos.KLineDto;1806;ed979dcf-2210-4f7b-b454-ced2e1e17204;1695363360;0,0004100000;0,0004100000;0,0004090000;0,0004090000;86965,0400000000
CryMarketMakerSolution.Service.Data.CryMarketMakerKLineDB.KLine.Dtos.KLineDto;1805;ed979dcf-2210-4f7b-b454-ced2e1e17204;1695363300;0,0004110000;0,0004110000;0,0004100000;0,0004100000;59050,0800000000
CryMarketMakerSolution.Service.Data.CryMarketMakerKLineDB.KLine.Dtos.KLineDto;1804;ed979dcf-2210-4f7b-b454-ced2e1e17204;1695363240;0,0004100000;0,0004110000;0,0004100000;0,0004110000;100231,4800000000
CryMarketMakerSolution.Service.Data.CryMarketMakerKLineDB.KLine.Dtos.KLineDto;1803;ed979dcf-2210-4f7b-b454-ced2e1e17204;1695363180;0,0004090000;0,0004100000;0,0004090000;0,0004100000;42629,6600000000
CryMarketMakerSolution.Service.Data.CryMarketMakerKLineDB.KLine.Dtos.KLineDto;1802;ed979dcf-2210-4f7b-b454-ced2e1e17204;1695363120;0,0004110000;0,0004110000;0,0004090000;0,0004090000;118645,0400000000
CryMarketMakerSolution.Service.Data.CryMarketMakerKLineDB.KLine.Dtos.KLineDto;1801;ed979dcf-2210-4f7b-b454-ced2e1e17204;1695363060;0,0004110000;0,0004110000;0,0004110000;0,0004110000;52846,7100000000
CryMarketMakerSolution.Service.Data.CryMarketMakerKLineDB.KLine.Dtos.KLineDto;1800;ed979dcf-2210-4f7b-b454-ced2e1e17204;1695363000;0,0004100000;0,0004110000;0,0004100000;0,0004110000;96714,3100000000
CryMarketMakerSolution.Service.Data.CryMarketMakerKLineDB.KLine.Dtos.KLineDto;1799;ed979dcf-2210-4f7b-b454-ced2e1e17204;1695362940;0,0004100000;0,0004100000;0,0004090000;0,0004100000;68217,5400000000
CryMarketMakerSolution.Service.Data.CryMarketMakerKLineDB.KLine.Dtos.KLineDto;1798;ed979dcf-2210-4f7b-b454-ced2e1e17204;1695362880;0,0004100000;0,0004110000;0,0004100000;0,0004100000;61709,2700000000
CryMarketMakerSolution.Service.Data.CryMarketMakerKLineDB.KLine.Dtos.KLineDto;1797;ed979dcf-2210-4f7b-b454-ced2e1e17204;1695362820;0,0004110000;0,0004110000;0,0004100000;0,0004100000;81000,4600000000
CryMarketMakerSolution.Service.Data.CryMarketMakerKLineDB.KLine.Dtos.KLineDto;1796;ed979dcf-2210-4f7b-b454-ced2e1e17204;1695362760;0,0004110000;0,0004110000;0,0004110000;0,0004110000;55839,4000000000
CryMarketMakerSolution.Service.Data.CryMarketMakerKLineDB.KLine.Dtos.KLineDto;1795;ed979dcf-2210-4f7b-b454-ced2e1e17204;1695362700;0,0004100000;0,0004110000;0,0004100000;0,0004110000;73058,3900000000
CryMarketMakerSolution.Service.Data.CryMarketMakerKLineDB.KLine.Dtos.KLineDto;1794;ed979dcf-2210-4f7b-b454-ced2e1e17204;1695362640;0,0004100000;0,0004110000;0,0004100000;0,0004100000;82947,8800000000
CryMarketMakerSolution.Service.Data.CryMarketMakerKLineDB.KLine.Dtos.KLineDto;1793;ed979dcf-2210-4f7b-b454-ced2e1e17204;1695362580;0,0004090000;0,0004100000;0,0004090000;0,0004100000;57537,1700000000
CryMarketMakerSolution.Service.Data.CryMarketMakerKLineDB.KLine.Dtos.KLineDto;1792;ed979dcf-2210-4f7b-b454-ced2e1e17204;1695362520;0,0004100000;0,0004100000;0,0004090000;0,0004090000;55964,5100000000
CryMarketMakerSolution.Service.Data.CryMarketMakerKLineDB.KLine.Dtos.KLineDto;1791;ed979dcf-2210-4f7b-b454-ced2e1e17204;1695362460;0,0004090000;0,0004100000;0,0004090000;0,0004100000;70476,5800000000
CryMarketMakerSolution.Service.Data.CryMarketMakerKLineDB.KLine.Dtos.KLineDto;1790;ed979dcf-2210-4f7b-b454-ced2e1e17204;1695362400;0,0004090000;0,0004100000;0,0004090000;0,0004090000;84449,7500000000
CryMarketMakerSolution.Service.Data.CryMarketMakerKLineDB.KLine.Dtos.KLineDto;1789;ed979dcf-2210-4f7b-b454-ced2e1e17204;1695362340;0,0004100000;0,0004100000;0,0004090000;0,0004090000;61369,1800000000
CryMarketMakerSolution.Service.Data.CryMarketMakerKLineDB.KLine.Dtos.KLineDto;1788;ed979dcf-2210-4f7b-b454-ced2e1e17204;1695362280;0,0004090000;0,0004100000;0,0004090000;0,0004100000;73790,7300000000
CryMarketMakerSolution.Service.Data.CryMarketMakerKLineDB.KLine.Dtos.KLineDto;1787;ed979dcf-2210-4f7b-b454-ced2e1e17204;1695362220;0,0004090000;0,0004090000;0,0004090000;0,0004090000;72811,7200000000
CryMarketMakerSolution.Service.Data.CryMarketMakerKLineDB.KLine.Dtos.KLineDto;1786;ed979dcf-2210-4f7b-b454-ced2e1e17204;1695362160;0,0004100000;0,0004100000;0,0004090000;0,0004090000;79804,3900000000
CryMarketMakerSolution.Service.Data.CryMarketMakerKLineDB.KLine.Dtos.KLineDto;1785;ed979dcf-2210-4f7b-b454-ced2e1e17204;1695362100;0,0004090000;0,0004100000;0,0004090000;0,0004100000;37547,4300000000
CryMarketMakerSolution.Service.Data.CryMarketMakerKLineDB.KLine.Dtos.KLineDto;1784;ed979dcf-2210-4f7b-b454-ced2e1e17204;1695362040;0,0004100000;0,0004100000;0,0004090000;0,0004090000;96269,5200000000
CryMarketMakerSolution.Service.Data.CryMarketMakerKLineDB.KLine.Dtos.KLineDto;1783;ed979dcf-2210-4f7b-b454-ced2e1e17204;1695361980;0,0004090000;0,0004100000;0,0004090000;0,0004100000;50125,2200000000
CryMarketMakerSolution.Service.Data.CryMarketMakerKLineDB.KLine.Dtos.KLineDto;1782;ed979dcf-2210-4f7b-b454-ced2e1e17204;1695361920;0,0004100000;0,0004100000;0,0004090000;0,0004090000;99805,9300000000
CryMarketMakerSolution.Service.Data.CryMarketMakerKLineDB.KLine.Dtos.KLineDto;1781;ed979dcf-2210-4f7b-b454-ced2e1e17204;1695361860;0,0004100000;0,0004110000;0,0004100000;0,0004100000;65646,1200000000
CryMarketMakerSolution.Service.Data.CryMarketMakerKLineDB.KLine.Dtos.KLineDto;1780;ed979dcf-2210-4f7b-b454-ced2e1e17204;1695361800;0,0004100000;0,0004100000;0,0004090000;0,0004100000;72383,3200000000
CryMarketMakerSolution.Service.Data.CryMarketMakerKLineDB.KLine.Dtos.KLineDto;1779;ed979dcf-2210-4f7b-b454-ced2e1e17204;1695361740;0,0004110000;0,0004110000;0,0004100000;0,0004100000;72906,7600000000
CryMarketMakerSolution.Service.Data.CryMarketMakerKLineDB.KLine.Dtos.KLineDto;1778;ed979dcf-2210-4f7b-b454-ced2e1e17204;1695361680;0,0004100000;0,0004110000;0,0004100000;0,0004110000;55060,8200000000
